claim_id,statement,type,status,scope_as_of,source_or_test,confidence,owner,next_action,external_use
PAI-001,"Current labor agreements and some state laws impose context-specific obligations concerning digital replicas, consent, handling, and use.","verified fact","supported","2026-10-07","SAG-AFTRA 2026 TV/Theatrical resources; California AB 2602 and AB 1836; Illinois BIPA","high","research lead","Recheck before each legal or product decision","allowed with source and disclaimer"
PAI-002,"A project-specific authorization packet can improve a production handoff.","product hypothesis","unproven","2026-10-07","No completed pilot","low","product lead","Measure in first paid pilot","describe only as hypothesis"
PAI-003,"A production-side business-affairs or operations owner is the initial economic buyer.","buyer hypothesis","unproven","2026-10-07","No buyer interviews supplied","low","founder","Run at least 12 structured interviews and secure paid sponsor","not as fact"
PAI-004,"The workflow can create value without central custody of raw biometric assets.","architecture hypothesis","unproven","2026-10-07","Minimal-custody design; no live transaction","medium-low","security lead","Validate data flow in paid pilot","describe as design target"
PAI-005,"Technical provenance can support integrity history but does not itself establish legal authority.","design inference","supported inference","2026-10-07","C2PA specification 2.4 and legal/source analysis","medium-high","evidence editor","Have counsel review customer-facing formulation","allowed as qualified inference"
PAI-006,"The relevant market includes vaults, marketplaces, provenance tools, enforcement vendors, and overlapping rights-infrastructure offerings.","market observation","supported","2026-10-07","First-party pages from Veritone/CAA, ElevenLabs, Adobe, Vermillio, Official AI, and DNEG/Brahma","high","research lead","Maintain quarterly landscape","allowed with first-party-source label"
PAI-007,"Perpetuity AI has a production software platform.","artifact observation","false","2026-10-07","Repository contains a static public site and planning artifacts","high","product lead","Do not claim until implemented and tested","prohibited"
PAI-008,"Perpetuity AI verifies legal rights or grants universal clearance.","legacy claim risk","unsupported","2026-10-07","No issuing authority, legal opinion, or verification system","high","legal lead","Replace with human-review and evidence language","prohibited"
PAI-009,"A 12-week concierge pilot is the best first commercialization path.","recommendation","recommended","2026-10-07","Strategic review based on maturity and risk","medium","founder","Test with accountable buyer and revise duration","allowed as proposal"
PAI-010,"The business can support specific revenue, cost, or valuation ranges.","financial hypothesis","unsupported","2026-10-07","Legacy estimates lack traceable drivers and quotes","low","finance lead","Build bottom-up model from signed pilot, delivery actuals, and vendor quotes","prohibited"
PAI-011,"The public preview uses no analytics scripts, tracking pixels, account registration, or embedded forms.","artifact observation","supported","2026-10-07","Current website source and network design","high","web lead","Re-audit on every release","allowed while unchanged"
PAI-012,"Perpetuity AI is secure, compliant, enterprise-ready, or independently certified.","assurance claim","unsupported","2026-10-07","No production system or external assessment","high","security lead","Complete scoped controls and independent assessment before claim","prohibited"
